{
    "client": "Thunder Client",
    "collectionName": "Podcast",
    "dateExported": "2023-11-16T06:01:41.623Z",
    "version": "1.1",
    "folders": [],
    "requests": [
        {
            "_id": "6dd4edc7-370d-4788-8a51-a6d6532d6699",
            "colId": "f22d0795-5409-460e-9152-f1b826badb65",
            "containerId": "",
            "name": "http://localhost:6589/api/podcast/register",
            "url": "http://localhost:6589/api/podcast/register",
            "method": "POST",
            "sortNum": 10000,
            "created": "2023-11-16T05:51:34.661Z",
            "modified": "2023-11-16T05:51:34.661Z",
            "headers": [],
            "params": [],
            "body": {
                "type": "formdata",
                "raw": "",
                "form": [
                    {
                        "name": "url",
                        "value": "edc"
                    },
                    {
                        "name": "titulo",
                        "value": "efs"
                    },
                    {
                        "name": "autor",
                        "value": "lsc"
                    },
                    {
                        "name": "fecha",
                        "value": "3ecc"
                    },
                    {
                        "name": "categoria",
                        "value": "ls"
                    }
                ],
                "files": [
                    {
                        "name": "src",
                        "value": "/home/david/David/Programación/CC/Ciber 2do/2.2 Semestre/descarga.jpeg"
                    }
                ]
            },
            "tests": []
        },
        {
            "_id": "e40040fd-2474-4331-9091-4feea567c21b",
            "colId": "f22d0795-5409-460e-9152-f1b826badb65",
            "containerId": "",
            "name": "http://localhost:6589/api/podcast/update",
            "url": "http://localhost:6589/api/podcast/update",
            "method": "POST",
            "sortNum": 20000,
            "created": "2023-11-16T05:52:29.387Z",
            "modified": "2023-11-16T05:52:29.387Z",
            "headers": [],
            "params": [],
            "body": {
                "type": "formdata",
                "raw": "",
                "form": [
                    {
                        "name": "url",
                        "value": "edc"
                    },
                    {
                        "name": "titulo",
                        "value": "efs"
                    },
                    {
                        "name": "autor",
                        "value": "lsc"
                    },
                    {
                        "name": "fecha",
                        "value": "3ecc"
                    },
                    {
                        "name": "categoria",
                        "value": "ls"
                    },
                    {
                        "name": "id",
                        "value": "4"
                    }
                ],
                "files": [
                    {
                        "name": "src",
                        "value": "/home/david/David/Programación/CC/Ciber 2do/2.2 Semestre/descarga.jpeg"
                    }
                ]
            },
            "tests": []
        },
        {
            "_id": "c432f849-7c1d-466e-b76a-3e0f1ef061a0",
            "colId": "f22d0795-5409-460e-9152-f1b826badb65",
            "containerId": "",
            "name": "http://localhost:6589/api/podcast/delete",
            "url": "http://localhost:6589/api/podcast/delete",
            "method": "POST",
            "sortNum": 30000,
            "created": "2023-11-16T05:53:42.424Z",
            "modified": "2023-11-16T05:53:42.424Z",
            "headers": [],
            "params": [],
            "body": {
                "type": "json",
                "raw": "{\n  \"id\": 4\n}",
                "form": []
            },
            "tests": []
        },
        {
            "_id": "3b24540d-1f24-431a-9fb1-aaedf63af6e1",
            "colId": "f22d0795-5409-460e-9152-f1b826badb65",
            "containerId": "",
            "name": "http://localhost:6589/api/podcast/read",
            "url": "http://localhost:6589/api/podcast/read",
            "method": "POST",
            "sortNum": 40000,
            "created": "2023-11-16T05:54:13.940Z",
            "modified": "2023-11-16T05:54:13.940Z",
            "headers": [],
            "params": [],
            "tests": []
        }
    ]
}