{
    "client": "Thunder Client",
    "collectionName": "Text_libro",
    "dateExported": "2023-11-16T06:02:01.832Z",
    "version": "1.1",
    "folders": [],
    "requests": [
        {
            "_id": "8157832b-a4fb-43e5-a5f0-1fc1a3c0a131",
            "colId": "18e8a722-c308-4567-a147-397e8aaa63b8",
            "containerId": "",
            "name": "http://localhost:6589/api/text_libro/register",
            "url": "http://localhost:6589/api/text_libro/register",
            "method": "POST",
            "sortNum": 10000,
            "created": "2023-11-16T05:56:30.715Z",
            "modified": "2023-11-16T05:56:30.715Z",
            "headers": [],
            "params": [],
            "body": {
                "type": "formdata",
                "raw": "",
                "form": [
                    {
                        "name": "title",
                        "value": "eds"
                    },
                    {
                        "name": "subtitle",
                        "value": "lsj"
                    },
                    {
                        "name": "content",
                        "value": "flsdcj"
                    }
                ],
                "files": [
                    {
                        "name": "src",
                        "value": "/home/david/David/Programación/CC/Ciber 2do/2.2 Semestre/descarga.jpeg"
                    }
                ]
            },
            "tests": []
        },
        {
            "_id": "8c244c5d-af47-4a02-84ad-447105d8348d",
            "colId": "18e8a722-c308-4567-a147-397e8aaa63b8",
            "containerId": "",
            "name": "http://localhost:6589/api/text_libro/update",
            "url": "http://localhost:6589/api/text_libro/update",
            "method": "POST",
            "sortNum": 20000,
            "created": "2023-11-16T05:57:12.108Z",
            "modified": "2023-11-16T05:57:12.108Z",
            "headers": [],
            "params": [],
            "body": {
                "type": "formdata",
                "raw": "",
                "form": [
                    {
                        "name": "title",
                        "value": "eds"
                    },
                    {
                        "name": "subtitle",
                        "value": "lsj"
                    },
                    {
                        "name": "content",
                        "value": "flsdcj"
                    },
                    {
                        "name": "id",
                        "value": "2"
                    }
                ],
                "files": [
                    {
                        "name": "src",
                        "value": "/home/david/David/Programación/CC/Ciber 2do/2.2 Semestre/descarga.jpeg"
                    }
                ]
            },
            "tests": []
        },
        {
            "_id": "b0c20101-5bcd-4c41-a3d1-3525b61965c9",
            "colId": "18e8a722-c308-4567-a147-397e8aaa63b8",
            "containerId": "",
            "name": "http://localhost:6589/api/text_libro/delete",
            "url": "http://localhost:6589/api/text_libro/delete",
            "method": "POST",
            "sortNum": 30000,
            "created": "2023-11-16T05:57:47.972Z",
            "modified": "2023-11-16T05:57:47.972Z",
            "headers": [],
            "params": [],
            "body": {
                "type": "formdata",
                "raw": "",
                "form": [
                    {
                        "name": "id",
                        "value": "2"
                    }
                ]
            },
            "tests": []
        },
        {
            "_id": "aed89a63-0b19-4635-b858-37d1a6f74c21",
            "colId": "18e8a722-c308-4567-a147-397e8aaa63b8",
            "containerId": "",
            "name": "http://localhost:6589/api/text_libro/read",
            "url": "http://localhost:6589/api/text_libro/read",
            "method": "POST",
            "sortNum": 40000,
            "created": "2023-11-16T05:58:44.423Z",
            "modified": "2023-11-16T05:58:44.423Z",
            "headers": [],
            "params": [],
            "tests": []
        }
    ]
}