{
    "client": "Thunder Client",
    "collectionName": "Blog_retiro",
    "dateExported": "2023-11-16T06:00:51.164Z",
    "version": "1.1",
    "folders": [],
    "requests": [
        {
            "_id": "ab7dc0e3-3faa-4be5-84eb-74d5919cd18d",
            "colId": "fd485a2e-09aa-4e44-ac3e-961546ab0a98",
            "containerId": "",
            "name": "http://localhost:6589/api/blog_retiro/create",
            "url": "http://localhost:6589/api/blog_retiro/create",
            "method": "POST",
            "sortNum": 10000,
            "created": "2023-11-16T05:10:02.631Z",
            "modified": "2023-11-16T05:10:02.631Z",
            "headers": [],
            "params": [],
            "body": {
                "type": "formdata",
                "raw": "",
                "form": [
                    {
                        "name": "title_es",
                        "value": "ew"
                    },
                    {
                        "name": "title_en",
                        "value": "eef"
                    },
                    {
                        "name": "title_cat",
                        "value": "fs"
                    },
                    {
                        "name": "description_es",
                        "value": "ds"
                    },
                    {
                        "name": "description_en",
                        "value": "lfsd"
                    },
                    {
                        "name": "description_cat",
                        "value": "ld"
                    },
                    {
                        "name": "index",
                        "value": "1"
                    },
                    {
                        "name": "day",
                        "value": "94"
                    },
                    {
                        "name": "month",
                        "value": "4"
                    },
                    {
                        "name": "year",
                        "value": "4"
                    },
                    {
                        "name": "author",
                        "value": "sdf"
                    }
                ],
                "files": [
                    {
                        "name": "src",
                        "value": "/home/david/Imágenes/Captura de pantalla de 2023-11-12 11-49-20.png"
                    }
                ]
            },
            "tests": []
        },
        {
            "_id": "c6124151-3158-4fca-b144-5e48450597ac",
            "colId": "fd485a2e-09aa-4e44-ac3e-961546ab0a98",
            "containerId": "",
            "name": "http://localhost:6589/api/blog_retiro/update",
            "url": "http://localhost:6589/api/blog_retiro/update",
            "method": "POST",
            "sortNum": 20000,
            "created": "2023-11-16T05:22:44.808Z",
            "modified": "2023-11-16T05:22:44.808Z",
            "headers": [],
            "params": [],
            "body": {
                "type": "formdata",
                "raw": "",
                "form": [
                    {
                        "name": "title_es",
                        "value": "ew"
                    },
                    {
                        "name": "title_en",
                        "value": "eef"
                    },
                    {
                        "name": "title_cat",
                        "value": "fs"
                    },
                    {
                        "name": "description_es",
                        "value": "ds"
                    },
                    {
                        "name": "description_en",
                        "value": "lfsd"
                    },
                    {
                        "name": "description_cat",
                        "value": "ld"
                    },
                    {
                        "name": "index",
                        "value": "1"
                    },
                    {
                        "name": "day",
                        "value": "94"
                    },
                    {
                        "name": "month",
                        "value": "4"
                    },
                    {
                        "name": "year",
                        "value": "4"
                    },
                    {
                        "name": "author",
                        "value": "sdf"
                    },
                    {
                        "name": "id",
                        "value": "14"
                    },
                    {
                        "name": "image_number",
                        "value": "0"
                    }
                ],
                "files": [
                    {
                        "name": "src",
                        "value": "/home/david/David/Programación/CC/Ciber 2do/2.2 Semestre/descarga.jpeg"
                    }
                ]
            },
            "tests": []
        },
        {
            "_id": "facf5855-879b-4aed-955e-47ca5d74d0e1",
            "colId": "fd485a2e-09aa-4e44-ac3e-961546ab0a98",
            "containerId": "",
            "name": "http://localhost:6589/api/blog_retiro/add_file",
            "url": "http://localhost:6589/api/blog_retiro/add_file",
            "method": "POST",
            "sortNum": 30000,
            "created": "2023-11-16T05:24:14.662Z",
            "modified": "2023-11-16T05:24:14.662Z",
            "headers": [],
            "params": [],
            "body": {
                "type": "formdata",
                "raw": "",
                "form": [
                    {
                        "name": "id",
                        "value": "14"
                    }
                ],
                "files": [
                    {
                        "name": "src",
                        "value": "/home/david/Imágenes/Captura de pantalla de 2023-11-12 11-49-20.png"
                    }
                ]
            },
            "tests": []
        },
        {
            "_id": "20185266-1f4d-4bff-9e93-7bcd42ef874d",
            "colId": "fd485a2e-09aa-4e44-ac3e-961546ab0a98",
            "containerId": "",
            "name": "http://localhost:6589/api/blog_retiro/read",
            "url": "http://localhost:6589/api/blog_retiro/read",
            "method": "POST",
            "sortNum": 40000,
            "created": "2023-11-16T05:26:16.693Z",
            "modified": "2023-11-16T05:26:16.693Z",
            "headers": [],
            "params": [],
            "tests": []
        },
        {
            "_id": "f73baf3b-cf23-46f6-b95c-86e098a5b0dd",
            "colId": "fd485a2e-09aa-4e44-ac3e-961546ab0a98",
            "containerId": "",
            "name": "http://localhost:6589/api/blog_retiro/delete",
            "url": "http://localhost:6589/api/blog_retiro/delete",
            "method": "POST",
            "sortNum": 50000,
            "created": "2023-11-16T05:28:10.460Z",
            "modified": "2023-11-16T05:28:10.460Z",
            "headers": [],
            "params": [],
            "body": {
                "type": "json",
                "raw": "{\n  \"id\": 14\n}",
                "form": []
            },
            "tests": []
        }
    ]
}