{
    "client": "Thunder Client",
    "collectionName": "Collaborator",
    "dateExported": "2023-11-16T06:01:18.227Z",
    "version": "1.1",
    "folders": [],
    "requests": [
        {
            "_id": "eac0ac6a-807d-4e02-851f-67716b659150",
            "colId": "9d6669dc-6123-42be-bc51-9d740df0adb4",
            "containerId": "",
            "name": "http://localhost:6589/api/collaborator/update",
            "url": "http://localhost:6589/api/collaborator/update",
            "method": "POST",
            "sortNum": 10000,
            "created": "2023-11-16T05:34:52.072Z",
            "modified": "2023-11-16T05:34:52.072Z",
            "headers": [],
            "params": [],
            "body": {
                "type": "formdata",
                "raw": "",
                "form": [
                    {
                        "name": "nombre",
                        "value": "ds"
                    },
                    {
                        "name": "cargo",
                        "value": "3"
                    },
                    {
                        "name": "descripcion",
                        "value": "3ed"
                    },
                    {
                        "name": "contacto",
                        "value": "u"
                    },
                    {
                        "name": "id",
                        "value": "16"
                    }
                ],
                "files": [
                    {
                        "name": "src",
                        "value": "/home/david/David/Programación/CC/Ciber 2do/2.2 Semestre/descarga.jpeg"
                    }
                ]
            },
            "tests": []
        },
        {
            "_id": "ef13c027-12da-4508-b5b5-820e13d4beef",
            "colId": "9d6669dc-6123-42be-bc51-9d740df0adb4",
            "containerId": "",
            "name": "http://localhost:6589/api/collaborator/register",
            "url": "http://localhost:6589/api/collaborator/register",
            "method": "POST",
            "sortNum": 20000,
            "created": "2023-11-16T05:34:57.663Z",
            "modified": "2023-11-16T05:34:57.663Z",
            "headers": [],
            "params": [],
            "body": {
                "type": "formdata",
                "raw": "",
                "form": [
                    {
                        "name": "nombre",
                        "value": "ds"
                    },
                    {
                        "name": "cargo",
                        "value": "3"
                    },
                    {
                        "name": "descripcion",
                        "value": "3ed"
                    },
                    {
                        "name": "contacto",
                        "value": "u"
                    }
                ],
                "files": [
                    {
                        "name": "src",
                        "value": "/home/david/David/Programación/CC/Ciber 2do/2.2 Semestre/descarga.jpeg"
                    }
                ]
            },
            "tests": []
        },
        {
            "_id": "70d6bfff-060a-44f4-933d-de487cbbb703",
            "colId": "9d6669dc-6123-42be-bc51-9d740df0adb4",
            "containerId": "",
            "name": "http://localhost:6589/api/collaborator/read",
            "url": "http://localhost:6589/api/collaborator/read",
            "method": "POST",
            "sortNum": 30000,
            "created": "2023-11-16T05:35:35.789Z",
            "modified": "2023-11-16T05:35:35.789Z",
            "headers": [],
            "params": [],
            "tests": []
        },
        {
            "_id": "99a17c0c-8c02-4ff6-b15f-f5a80471afe7",
            "colId": "9d6669dc-6123-42be-bc51-9d740df0adb4",
            "containerId": "",
            "name": "http://localhost:6589/api/collaborator/delete",
            "url": "http://localhost:6589/api/collaborator/delete",
            "method": "POST",
            "sortNum": 40000,
            "created": "2023-11-16T05:36:25.225Z",
            "modified": "2023-11-16T05:36:25.225Z",
            "headers": [],
            "params": [],
            "body": {
                "type": "json",
                "raw": "{\n  \"id\": 14\n}",
                "form": []
            },
            "tests": []
        }
    ]
}